{
  "HDR": {
    "mean": 0.7301240216736905,
    "std": 0.0035305862532059367,
    "values": [
      0.7272727272727273,
      0.728,
      0.7350993377483444
    ]
  },
  "FPR": {
    "mean": 0.09614976269477156,
    "std": 0.007205694752163231,
    "values": [
      0.10115606936416185,
      0.10133333333333333,
      0.08595988538681948
    ]
  },
  "ETS_human_rho": {
    "mean": 0.44917907636032206,
    "std": 0.04947794307943211,
    "values": [
      0.48154558963701694,
      0.3792705287428702,
      0.486721110701079
    ]
  },
  "config": {
    "n_samples": 500,
    "n_runs": 3,
    "base_seed": 42
  }
}